{"cameraMode":{"drawMode":0,"name":"Shaded","section":"Shading Mode"},"sceneLighting":false,"audioPlay":false,"sceneViewState":{"showFog":true,"showMaterialUpdate":false,"showSkybox":true,"showFlares":true,"showImageEffects":true,"showParticleSystems":true},"in2DMode":false,"pivot":{"x":-0.5940119624137878,"y":0.45394110679626467,"z":-5.023181915283203},"rotation":{"x":-0.006958135403692722,"y":0.9923726916313171,"z":-0.10338947176933289,"w":-0.0667874738574028},"size":8.12315559387207,"orthographic":false}