{"cameraMode":{"drawMode":0,"name":"Shaded","section":"Shading Mode"},"sceneLighting":true,"audioPlay":false,"sceneViewState":{"showFog":true,"showMaterialUpdate":false,"showSkybox":true,"showFlares":true,"showImageEffects":true,"showParticleSystems":true},"in2DMode":false,"pivot":{"x":405.5865173339844,"y":-90.25221252441406,"z":338.6689453125},"rotation":{"x":0.3039731979370117,"y":-0.12612465023994447,"z":0.04063760116696358,"w":0.9434252977371216},"size":1075.53076171875,"orthographic":false}